{"cameraMode":{"drawMode":0,"name":"Shaded","section":"Shading Mode"},"sceneLighting":false,"audioPlay":false,"sceneViewState":{"m_AlwaysRefresh":false,"showFog":true,"showSkybox":false,"showFlares":true,"showImageEffects":true,"showParticleSystems":true,"showVisualEffectGraphs":true,"m_FxEnabled":false},"in2DMode":false,"pivot":{"x":-21.737815856933595,"y":-0.24424898624420167,"z":15.798748016357422},"rotation":{"x":0.04647442325949669,"y":-0.019477661699056627,"z":0.0009063626639544964,"w":0.9987295269966126},"size":4.260168552398682,"orthographic":false}