{"cameraMode":{"drawMode":0,"name":"Shaded","section":"Shading Mode"},"sceneLighting":false,"audioPlay":false,"sceneViewState":{"m_AlwaysRefresh":false,"showFog":true,"showSkybox":true,"showFlares":true,"showImageEffects":true,"showParticleSystems":true,"showVisualEffectGraphs":true,"m_FxEnabled":true},"in2DMode":false,"pivot":{"x":-2.8021154403686525,"y":0.12297771126031876,"z":-6.765462398529053},"rotation":{"x":0.2506071925163269,"y":-0.2506069242954254,"z":0.06733859330415726,"w":0.9326639771461487},"size":3.4862442016601564,"orthographic":false}