{"cameraMode":{"drawMode":0,"name":"Shaded","section":"Shading Mode"},"sceneLighting":false,"audioPlay":false,"sceneViewState":{"m_AlwaysRefresh":false,"showFog":true,"showSkybox":true,"showFlares":true,"showImageEffects":true,"showParticleSystems":true,"showVisualEffectGraphs":true,"m_FxEnabled":true},"in2DMode":false,"pivot":{"x":-5.500187873840332,"y":-5.533361434936523,"z":13.49071216583252},"rotation":{"x":0.23478738963603974,"y":0.001458069309592247,"z":-0.0003521811740938574,"w":0.9720458388328552},"size":9.918618202209473,"orthographic":false}