{"cameraMode":{"drawMode":0,"name":"Shaded","section":"Shading Mode"},"sceneLighting":true,"audioPlay":false,"sceneViewState":{"m_AlwaysRefresh":false,"showFog":true,"showSkybox":true,"showFlares":true,"showImageEffects":true,"showParticleSystems":true,"showVisualEffectGraphs":true,"m_FxEnabled":false},"in2DMode":false,"pivot":{"x":-14.07799243927002,"y":-16.06939125061035,"z":20.892837524414064},"rotation":{"x":0.24732878804206849,"y":-0.44844838976860049,"z":0.13065671920776368,"w":0.8489168286323547},"size":42.668968200683597,"orthographic":false}