{"cameraMode":{"drawMode":0,"name":"Shaded","section":"Shading Mode"},"sceneLighting":false,"audioPlay":false,"sceneViewState":{"m_AlwaysRefresh":false,"showFog":true,"showSkybox":true,"showFlares":true,"showImageEffects":true,"showParticleSystems":true,"showVisualEffectGraphs":true,"m_FxEnabled":true},"in2DMode":false,"pivot":{"x":-2.5776891708374025,"y":10.208673477172852,"z":-24.023813247680665},"rotation":{"x":0.22362934052944184,"y":0.08903864771127701,"z":-0.020519334822893144,"w":0.9703829884529114},"size":3.9107167720794679,"orthographic":false}