{"cameraMode":{"drawMode":0,"name":"Shaded","section":"Shading Mode"},"sceneLighting":false,"audioPlay":false,"sceneViewState":{"m_AlwaysRefresh":false,"showFog":true,"showSkybox":true,"showFlares":true,"showImageEffects":true,"showParticleSystems":true,"showVisualEffectGraphs":true,"m_FxEnabled":true},"in2DMode":false,"pivot":{"x":3.155677080154419,"y":11.835297584533692,"z":-24.279685974121095},"rotation":{"x":0.22362934052944184,"y":0.08903864771127701,"z":-0.020519334822893144,"w":0.9703829884529114},"size":9.540502548217774,"orthographic":false}