{"cameraMode":{"drawMode":0,"name":"Shaded","section":"Shading Mode"},"sceneLighting":false,"audioPlay":false,"sceneViewState":{"m_AlwaysRefresh":false,"showFog":true,"showSkybox":true,"showFlares":true,"showImageEffects":true,"showParticleSystems":true,"showVisualEffectGraphs":true,"m_FxEnabled":true},"in2DMode":false,"pivot":{"x":21.05048179626465,"y":47.175262451171878,"z":140.95045471191407},"rotation":{"x":0.1329784095287323,"y":-0.043099481612443927,"z":0.005788703914731741,"w":0.9901676177978516},"size":607.4019165039063,"orthographic":false}